[
  {
    "id": "fb43224fb93085dc",
    "email": "test@dev.com",
    "password": "$2b$10$f0675K9aAxn3rj8Fy9TRQebbajhziIxotQm8uEsTpNMYp88UyQGiO"
  },
  {
    "id": 601582332,
    "password": "$2b$10$sOD00rdUlAphkzXqu50jaedygmM.MCYk70Nl1Wbe4CEoFeObP/mq2",
    "email": "test1234@gmail.com",
    "username": "test1234",
    "address": "jakarta",
    "join_date": "Fri Jul 08 2022 21:36:46 GMT+0700 (Western Indonesia Time)",
    "phone_number": "081234567890",
    "token": "eyJhbGciOiJIUzI1NiIsInR5cCI6IkpXVCJ9.eyJ1c2VybmFtZSI6InRlc3QxMjM0IiwiaWF0IjoxNjU3MjkzNzE4LCJleHAiOjE2NTczODAxMTh9.PwSmCJWMi6du5Abnkq0qsHQJdh9-sNGJlcpXK3l2lHs"
  },
  {
    "id": 601582332,
    "password": "$2b$10$DYjHkQQNbfQk1wD3S5sNuOHaaxGSO0MjYXpGkbSXQjSBq17frxhu.",
    "email": "test1234@gmail.com",
    "username": "test1234",
    "address": "jakarta",
    "join_date": "Fri Jul 08 2022 21:36:46 GMT+0700 (Western Indonesia Time)",
    "phone_number": "081234567890"
  },
  {
    "id": 601582332,
    "password": "$2b$10$y.GO69zEHPqzl8ThtB8DZeYoYCOZBsZIjwitI1dtSd.Vu.p2B3o2G",
    "email": "test1234@gmail.com",
    "username": "test1234",
    "address": "jakarta",
    "join_date": "Fri Jul 08 2022 21:36:46 GMT+0700 (Western Indonesia Time)",
    "phone_number": "081234567890"
  }
]