[
  {
    "id": "7e19c8a0f75dda3b",
    "name": "Converse",
    "description": "High quality shoes.",
    "quantity": 15,
    "price": 1000000,
    "image": "https://images.tokopedia.net/img/cache/200-square/VqbcmM/2022/7/2/763f6592-d59d-482f-86bd-fe1a9738ce80.jpg.webp?ect=4g",
    "create_at": "2022-07-08T13:14:00.132Z"
  },
  {
    "id": "971ca41862530d5f",
    "name": "Eiger",
    "description": "sport",
    "quantity": 10,
    "price": 1500000,
    "image": "https://images.tokopedia.net/img/cache/200-square/product-1/2019/12/28/4063563/4063563_818ee5e9-012a-40e0-a4e0-bad991cac270_700_700.jpg.webp?ect=4g",
    "create_at": "2022-07-08T13:00:41.413Z"
  }
]